abbreviating^affiliating^alleviating^appreciating^appropriating^asphyxiating^associating^delineating^depreciating^deviating^differentiating(0)^differentiating(1)^emaciating^enunciating^excoriating^excruciating^humiliating^inebriating^infuriating^ingratiating^initiating^instantiating^mediating^misappropriating^nauseating^negotiating^obviating^officiating^permeating^radiating^recreating(0)^renegotiating^repatriating^repudiating^retaliating,differentiating(0)^differentiating(1)^misappropriating^renegotiating
academia^anemia^bohemia^bulemia^euphemia^femia^geremia^hypoglycemia^jeremia^leukemia^uremia,hypoglycemia
customarily^extraordinarily^farrelly^merrily^militarily^momentarily^necessarily^ordinarily^primarily^secondarily^temporarily^voluntarily^warily^wearily,extraordinarily
astrophotography^autobiography^bibliography^biography^choreography^chromatography^cinematography^crystallography^demography^echography^geography^hagiography^historiography^iconography^kaumography^lithography^mammography^oceanography^orthography^photography^phytogeography^polarography^pomography^pornography^radiography^topography^typography,astrophotography^autobiography^cinematography^historiography^phytogeography
decriminalizing^sensationalizing,decriminalizing^sensationalizing
avocado^incommunicado^yokado,incommunicado
accelerated^adulterated^ameliorated(0)^ameliorated(1)^aspirated^cogenerated^collaborated(1)^commemorated^corroborated^decelerated^decorated(1)^degenerated^deliberated^deteriorated^enumerated^evaporated(1)^evaporated(3)^eviscerated^exaggerated(1)^exasperated^exhilarated^exonerated^federated^generated(1)^inaugurated(0)^inaugurated(1)^incarcerated^incinerated^incorporated(1)^invigorated^liberated^moderated^obliterated^perforated(1)^proliferated^redecorated^refrigerated^regenerated^reinvigorated^reiterated^reverberated(0)^reverberated(2)^saturated(1)^separated(1)^unadulterated^uncorroborated^unenumerated^unincorporated^unsaturated^venerated,ameliorated(0)^deteriorated^reinvigorated^unadulterated^uncorroborated^unenumerated^unincorporated
institucional^nasional,institucional
accreditation^agitation^amputation^annotation^cohabitation^commutation^computation^connotation^dilatation^equitation^facilitation^habitation^hesitation^imitation^imputation^inhabitation^meditation^misinterpretation^palpitation^premeditation^prestidigitation^recitation^rehabilitation(0)^rehabilitation(1)^reinterpretation^reputation^sanitation(0)^vegetation,misinterpretation^prestidigitation^rehabilitation(0)^rehabilitation(1)^reinterpretation
colonialists(2)^editorialists(2)^imperialists(2)^industrialists(2),editorialists(2)
heterosexual^homosexual,heterosexual
albanian^arslanian^aslanian^bahrainian(0)^bahrainian(2)^hovnanian^iranian(1)^jordanian^lithuanian^mediterranean^o'hanian^ohanian^panamanian^pennsylvanian^pomeranian^romanian^rumanian(0)^stepanian^subterranean^tanzanian(0)^tasmanian^ukrainian^vartanian,mediterranean
apathetic^empathetic^parasympathetic^pathetic^sympathetic^unsympathetic,parasympathetic
editorialize^industrialize^materialize^memorialize^reindustrialize^serialize^trivialize(0),editorialize^reindustrialize
amplifying^certifying^clarifying^classifying^codifying^disqualifying^diversifying(0)^diversifying(1)^edifying^electrifying^exemplifying^falsifying^glorifying^gratifying^horrifying^identifying(0)^identifying(1)^intensifying^justifying^magnifying^misidentifying(0)^misidentifying(1)^modifying^mummifying^mystifying^notifying^nullifying^personifying^purifying^qualifying^ratifying^recertifying^rectifying^signifying^simplifying^solidifying^specifying^speechifying^stultifying^terrifying^testifying^unifying^verifying,misidentifying(0)^misidentifying(1)
amortization^balkanization^cannibalization^capitalization^categorization^cauterization^centralization^characterization^civilization^collectivization^colonization^commercialization^computerization^decentralization^demoralization^denationalization^equalization^fertilization^finlandization^generalization(0)^generalization(1)^genetization^globalization^harmonization^improvisation^industrialization^institutionalization^internationalization(0)^internationalization(1)^liberalization(0)^liberalization(1)^maximization^miniaturization^mobilization(1)^monopolization^normalization^organisation^polarization(1)^pressurization^radicalization^rationalization(0)^rationalization(1)^reauthorization^recapitalization^renationalization^saudiization^singularization^socialization^stalinization^standardization^sterilization(1)^subsidization^suburbanization^urbanization^urbanization^vulgarization^westernization,cannibalization^capitalization^categorization^characterization^collectivization^commercialization^computerization^decentralization^demoralization^generalization(0)^liberalization(0)^monopolization^radicalization^rationalization(0)^reauthorization^singularization^suburbanization
budgetary^cemetery(1)^depositary(0)^depositary(1)^military(1)^pituitary(1)^sanitary^undersecretary^unitary,undersecretary
acidity^fluidity^humidity^liquidity(0)^morbidity^rapidity^rigidity^solidity^superfluidity^timidity^turbidity,superfluidity
modus-operandi^operandi(0),modus-operandi
biotherapeutics^therapeutics,biotherapeutics
activity(1)^aggressivity^connectivity^expressivity^hyperactivity^inactivity^interactivity(0)^interactivity(1)^objectivity^oversensitivity^passivity^productivity(1)^receptivity^reflexivity^retroactivity^sensitivity^subjectivity,hyperactivity^interactivity(0)^interactivity(1)^retroactivity
intermolecular^molecular^secular,intermolecular
agroindustrial^industrial,agroindustrial
actmedia^encyclopaedia(0)^encyclopaedia(1)^encyclopedia(0)^encyclopedia(1)^expedia^intermedia^macromedia^media^metromedia^multimedia(0)^multimedia(1)^telemedia^transmedia^unimedia,encyclopaedia(0)^encyclopaedia(1)^encyclopedia(0)^encyclopedia(1)
uninterruptible^uninterruptible,uninterruptible^uninterruptible
area^bavaria^bay-area^beria^bulgaria^echeverria^erria^feria^finanziaria^fondiaria^honoraria^hysteria^inmobiliaria^malaria^peria^pfiesteria^renteria^santeria^silveria,finanziaria
annuity(1)^annuity(2)^discontinuity^gratuity^incongruity^perpetuity,discontinuity
abomination^alienation^antidiscrimination(0)^antidiscrimination(1)^assassination^combination^concatenation^contamination^coordination^coronation^culmination^decaffeination^decontamination^denomination^destination(0)^determination^detonation^discrimination^disinclination^dissemination^divination^domination^elimination^emanation^examination^explanation^extermination^fascination^germination^hallucination^hydrogenation^hyphenation^illumination^imagination^impersonation^inclination^incoordination^incrimination^indoctrination^insemination^insubordination^intonation^machination(0)^machination(1)^nomination^ordination^origination^pagination^pollination^predestination^procrastination^profanation^reexamination^rejuvenation^renomination^self-determination^subordination^termination^transillumination^vaccination,decontamination^incoordination^insubordination^reexamination^self-determination^transillumination
attenuated^devaluated^graduated(0)^infatuated^insinuated^punctuated^reevaluated^situated,reevaluated
czechoslovakia's^slovakia's(0),czechoslovakia's
conspiratorially(0)^editorially^industrially^kenealy^materially^perennially^radially^territorially,editorially^territorially
autobiographies^bibliographies^biographies,autobiographies
anthologies^apologies^biology's^biotechnologies^biotechnology's^chronologies^doxologies^electrobiology's^etiologies^ideologies^methodologies^otologies^pathologies^polytechnologies^technologies^technologies'^technology's,biotechnologies^biotechnology's^polytechnologies
amiable^enviable^invariable^irremediable^malleable^permeable^pitiable^unenviable^variable,irremediable
advertorial^ambassadorial^arboreal^conspiratorial^correale^curatorial^dictatorial^directorial(0)^directorial(1)^directorial(2)^directorial(3)^editorial^equatorial^extraterritorial^flonorial^gubernatorial^immemorial^janitorial^memorial^morial^nomenclatorial^pictorial^professorial^prosecutorial^raptorial^reportorial^sartorial^senatorial^territorial^tutorial,ambassadorial^conspiratorial^gubernatorial^nomenclatorial^prosecutorial
distinguishable^indistinguishable^perishable^punishable,indistinguishable
astigmatism^conservatism^corporatism^despotism^dogmatism^egotism^electromagnetism^ergotism^ferromagnetism^helotism^hypnotism^magnetism^nepotism^patriotism^pragmatism^rheumatism^separatism^stigmatism,ferromagnetism
anesthesiologists(1)^apologists(2)^biologists(2)^endocrinologists(2)^entomologists(2)^gynecologists(2)^neurologists(2)^pathologists(2)^psychologists(2)^seismologists(2)^zoologists^zoologists,endocrinologists(2)
conversationalist^institutionalist^nationalist(0)^ultranationalist,conversationalist^institutionalist^ultranationalist
liable^pliable^reliable(0)^reliable(1)^undeniable^unjustifiable^unreliable^unreliable^unverifiable^viable,unjustifiable^unverifiable
pollinated^polychlorinated^ruminated,polychlorinated
ability^acceptability^adaptability^admissibility^affordability^agility^amiability^applicability^availability(0)^capability^civility^combinability(0)^combinability(1)^compatibility^comprehensibility^debility^deductibility^docility^ductility^electability^feasibility^fertility(0)^flexibility^fragility^futility^hostility^inaccessibility^invisibility^irresponsibility^irritability^legibility^malleability^mobility(0)^nobility^overwhelmability(0)^overwhelmability(1)^palatability^possibility^probability^rehability(0)^rehability(1)^reliability^responsibility^senility^susceptibility^utility^versatility^viability^virility^volatility,acceptability^adaptability^admissibility^affordability^amiability^applicability^availability(0)^combinability(0)^combinability(1)^compatibility^deductibility^electability^invisibility^irritability^malleability^palatability^reliability^responsibility^susceptibility
auctioneering^bioengineering^domineering^electioneering^engineering^imagineering^oceaneering^pioneering^reengineering,bioengineering
coarticulating^discombobulating,coarticulating^discombobulating
acclimated^amalgamated^animated(1)^automated^decimated^estimated(1)^intimated^overestimated^underestimated,overestimated^underestimated
extraterrestrial^terrestrial,extraterrestrial
botanically(0)^frantically(0)^frantically(2)^paradoxically(1)^practically(1)^unequivocally(0),paradoxically(1)^unequivocally(0)
anthropomorphism^dimorphism^dwarfism^isomorphism^polymorphism(0),anthropomorphism
aberrational^coeducational^computational^conformational^confrontational^congregational^connotational^conversational^denominational^educational(0)^educational(1)^foundational^generational^gravitational^improvisational^informational(0)^informational(1)^inspirational^intergenerational^investigational^invitational^motivational^navigational^occupational^operational^organizational^recreational^relational^representational^rotational^sensational^situational^transformational^vocational,coeducational^denominational^improvisational^investigational^organizational^representational
criminalists(2)^internationalists(2)^internationalists(3)^nationalists(2),internationalists(2)^internationalists(3)
accusation(0)^alphabetization^americanization^authorization^canonization^christianization^colorization^communization^criminalization^decriminalization^dehumanization^deinstitutionalization^demilitarization^demobilization(1)^democratization^demonization^denuclearization^desalinization^destabilization^disorganization^dramatization^hospitalization^hybridization^immunization^ionization^islamization^legalization^localization^magnetization^marginalization^mechanization^mineralization^mischaracterization^mobilization(0)^modernization(0)^nationalization(0)^nationalization(1)^naturalization(0)^naturalization(1)^neutralization^optimization^organization^panelization^pasteurization^personalization^polarization(0)^politicization^polymerization^popularization^privatisation^privatization^realization^reorganization^revitalization^securitization^specialization^stabilization^sterilization(0)^synchronization^tabloidization^unionization^utilization^vaporization^victimization^visualization,alphabetization^criminalization^dehumanization^demobilization(1)^democratization^desalinization^destabilization^disorganization^hospitalization^marginalization^mineralization^nationalization(0)^naturalization(0)^personalization^politicization^polymerization^popularization^reorganization^revitalization^securitization
anthropologists(1)^archaeologists(0)^cardiologists(0)^climatologists(0)^climatologists(1)^criminologists(0)^dermatologists(0)^ecologists(0)^ecologists(1)^epidemiologists(0)^geologists(0)^ideologists(0)^kremlinologists(0)^meteorologist's^meteorologists(0)^microbiologists(0)^oncologists(0)^ophthalmologists(0)^ophthalmologists(2)^paleontologists(0)^pharmacologists(0)^radiologists(0)^sociologists(0)^sovietologists(0)^technologists(0)^toxicologists(0),meteorologist's^meteorologists(0)^microbiologists(0)^paleontologists(0)^sovietologists(0)
charity's^disparities^irregularities^parities^peculiarities^similarities^solidarity's^unfamiliarities^verities^verity's,irregularities^peculiarities^unfamiliarities
analyzes^brutalizes^capitalizes^crystallizes^demobilizes^departmentalizes^equalizes^fertilizes^finalizes^formalizes^idolizes^immortalizes^institutionalizes^liberalizes(0)^liberalizes(1)^marginalizes^materializes^monopolizes^nationalizes(0)^nationalizes(1)^naturalizes(0)^naturalizes(1)^neutralizes^normalizes^paralyzes^penalizes(0)^penalizes(1)^personalizes^pluralizes^realizes(0)^specializes(1)^stabilizes(1)^sterilizes^symbolizes(1)^tantalizes(0)^trivializes(0)^trivializes(1)^utilizes,departmentalizes^materializes
cardiopulmonary^cautionary^centenary^concessionary^confectionary^confectionery^contractionary^coronary^counterrevolutionary(0)^counterrevolutionary(1)^deflationary^dictionary^disciplinary^discretionary^disinflationary^diversionary(0)^diversionary(1)^evolutionary(0)^evolutionary(1)^evolutionary(2)^evolutionary(3)^exclusionary^expansionary(0)^expansionary(1)^expeditionary^extraordinary(0)^extraordinary(1)^functionary^illusionary^imaginary^inflationary^interdisciplinary^luminary^mercenary^missionary^noninflationary^ordinary^precautionary^preliminary(0)^preliminary(1)^probationary^pulmonary^reactionary^recessionary^retrocessionary^revolutionary^seminary^stationary^stationery^urinary^veterinary^visionary,disinflationary^evolutionary(0)^evolutionary(1)^evolutionary(2)^evolutionary(3)^expeditionary^extraordinary(1)^noninflationary^retrocessionary^revolutionary
criminalist's^criminalists(0)^internationalists(0)^internationalists(1)^nationalists(0),internationalists(0)^internationalists(1)
applicable^communicable^eradicable^ineradicable^irrevocable^practicable^revocable,ineradicable
deemphasizing^emphasizing^fantasizing(0)^fantasizing(1)^overemphasizing^publicizing^romanticizing^synthesizing,overemphasizing
epigenetic^frenetic^genetic^kinetic(0)^parthenogenetic^pharmakinetic^phonetic,parthenogenetic
asperity^austerity^charity^clarity(1)^dexterity(1)^garrity^gerety^gerrity^insularity^rarity(1)^severity^unpopularity^varity^verity^verity^vulgarity,unpopularity
accumulatively(0)^appreciatively(0)^legislatively,accumulatively(0)^appreciatively(0)
agitating^annotating(1)^debilitating^facilitating^hesitating^imitating^irritating^levitating^meditating^palpitating^precipitating^rehabilitating(0)^rehabilitating(1),rehabilitating(0)^rehabilitating(1)
banalities^causalities^fatalities(1)^illegalities^legalities(0)^legalities(1)^localities^municipalities^nationalities^personalities^principalities,municipalities
aerodynamic^dynamic^electrodynamic^hemodynamic^photodynamic^psychodynamic,electrodynamic
accumulatively(1)^affirmatively^alternatively^appreciatively(1)^comparatively^consecutively^conservatively^cooperatively^cumulatively^figuratively^imaginatively^negatively^positively^prohibitively^provocatively^relatively^tentatively(0),accumulatively(1)^imaginatively
criminalized^denationalized^fictionalized^institutionalized^internationalized(0)^internationalized(1)^marginalized^nationalized(0)^personalized^professionalized^rationalized^regionalized,institutionalized^internationalized(0)^internationalized(1)
abnormality^actuality^bisexuality^brutality(0)^commonality^confidentiality(0)^confidentiality(1)^congeniality^criticality^dimensionality^duality^extraterritoriality^fatality(0)^finality^formality^frugality^generality^geniality^homosexuality^hospitality^impersonality^irrationality^legality^lethality^liberality^locality^mentality(0)^modality^morality^mortality^municipality^musicality^nationality(0)^neutrality^normality^partiality^practicality^reality^sensuality^sexuality^spirituality^theatricality^tonality^totality^triviality^universality^unreality^vitality,bisexuality^congeniality^dimensionality^impersonality^irrationality^municipality^spirituality^theatricality^universality
abolitionism^agrarianism^americanism^anachronism^antagonism^antidisestablishmentarianism^arianism^authoritarianism^buchananism^chauvinism^communism^confucianism^creationism^determinism^egalitarianism^expansionism(0)^expansionism(1)^expressionism^hedonism^hellenism^hooliganism^humanism^illusionism^impressionism^interventionism(0)^interventionism(1)^isolationism^mechanism^microorganism^mormonism(1)^nestorianism^obstructionism^organism^paganism^parliamentarianism(0)^perfectionism^peronism^protectionism(0)^protectionism(1)^puritanism^reaganism(0)^reaganism(1)^republicanism^revisionism^satanism^sectarianism^tokenism^totalitarianism^unionism^vegetarianism^zionism,abolitionism^agrarianism^americanism^interventionism(0)^interventionism(1)^isolationism^microorganism^nestorianism^republicanism^sectarianism
colonialist^editorialist^imperialist^industrialist^materialist,editorialist
anesthesiologists(0)^anthropologists(0)^apologists(0)^biologists(0)^endocrinologist's^endocrinologists(0)^entomologists(0)^gynecologists(0)^neurologists(0)^pathologists(0)^psychologists(0)^scientologists^seismologists(0)^urologists,endocrinologist's^endocrinologists(0)
algerian^assyrian^berberian^biospherian^criterion^derderian^hanoverian^hyperion^iberian^illyrian^liberian^nigerian^presbyterian(0)^presbyterian(1)^quirion^shakespearean^siberian^syrian^thraco-illyrian^valerian^zairian,thraco-illyrian
abilities^capabilities^disabilities(0)^facilities(0)^hostilities^liabilities(0)^possibilities^probabilities^responsibilities^utilities^utilities'^utility's,responsibilities
gastrointestinal^intestinal,gastrointestinal
chameleon(0)^deleon^machiavellian(0)^machiavellian(1)^machivellian^orwellian,machiavellian(0)
heterosexuals^homosexuals,heterosexuals
clintonomics^economics(0)^economics(1)^ergonomics^macroeconomics(0)^macroeconomics(1)^microeconomics^polyconomics^reaganomics,macroeconomics(0)^macroeconomics(1)^microeconomics
cemetery(0)^cometary^dietary^dignitary^hereditary^interplanetary^military(0)^monetary^nonmilitary^paramilitary^pituitary(0)^planetary^proprietary^salutary^secretary^solitary^tributary^unsanitary,interplanetary^paramilitary
argumentation^augmentation^documentation(0)^documentation(1)^implementation^indentation^instrumentation^misrepresentation^orientation^ornamentation^ostentation^regimentation^representation,misrepresentation
gravitating^incapacitating^necessitating^resuscitating,incapacitating
accusatory^aleatory^ambulatory^anticipatory^articulatory^celebratory^circulatory^compensatory^conciliatory(0)^conciliatory(1)^confirmatory^confiscatory^congratulatory^conservatory^contributory^declaratory^defamatory^depilatory^depository^deregulatory^derogatory^dilatory^discriminatory^dormitory^excretory^exculpatory^expiratory^explanatory^exploratory^hallucinatory^incantatory^inflammatory^inhibitory^interrogatory^investigatory^laboratory^laudatory^lavatory^mandatory^migratory^nondiscriminatory^obligatory^observatory^oratory^oscillatory^participatory^predatory^preparatory(0)^preparatory(1)^prohibitory^purgatory^reformatory^regulatory^repository^respiratory^retaliatory^revelatory^signatory^statutory^transitory,anticipatory^articulatory^conciliatory(0)^congratulatory^deregulatory^discriminatory^hallucinatory^interrogatory^investigatory^participatory
chronically(0)^clinically(0)^comically(0)^critically(0)^cynically(0)^diametrically(0)^dramatically(1)^electrically(0)^electronically(0)^emphatically(1)^empirically(0)^ethically(0)^fanatically(0)^forensically(1)^geographically(0)^hermetically(0)^historically(0)^intrinsically(0)^journalistically(0)^magically(0)^magnetically(0)^majestically(0)^mathematically(0)^medically(1)^methodically(0)^metrically^mineralogically(0)^optimistically(0)^parenthetically(0)^pathetically(0)^periodically(0)^philosophically(0)^physically(0)^politically(0)^pragmatically(0)^ritualistically(0)^romantically(0)^sardonically(0)^scientifically(0)^skeptically(0)^statistically(0)^surgically(0)^symbolically(0)^sympathetically(0)^tactically^technically(0)^technologically(0)^theatrically(0)^theoretically(0)^therapeutically(0)^typically(1)^uncritically(0),diametrically(0)^electronically(0)^geographically(0)^journalistically(0)^mathematically(0)^optimistically(0)^parenthetically(0)^periodically(0)^philosophically(0)^scientifically(0)^sympathetically(0)^technologically(0)^theoretically(0)^therapeutically(0)
conservatives^conservatives'^neoconservatives^preservatives,neoconservatives
indianian^louisianian^pakistanian,louisianian
governmental(1)^intergovernmental^nongovernmental,intergovernmental
devastatingly^excruciatingly^frustratingly^regulatingly^unhesitatingly,excruciatingly^unhesitatingly
accusations(0)^authorizations^dramatizations^generalizations(0)^generalizations(1)^hospitalizations^immunizations^mischaracterizations^mobilizations^nationalizations(0)^nationalizations(1)^organizations^privatizations^realizations^recapitalizations^sterilizations(0),generalizations(0)^hospitalizations^nationalizations(0)
aromatic^asymptomatic^automatic(0)^axiomatic^cinematic^diagrammatic^diplomatic^dramatic^emblematic^epigrammatic^idiomatic^mathematic^melodramatic^problematic^programmatic^psychosomatic^semiautomatic(0)^semiautomatic(1)^semiautomatic(2)^symptomatic^systematic^telematic^undiplomatic,semiautomatic(0)^semiautomatic(1)^semiautomatic(2)
antibacterial^arterial^bacterial^biomaterial^cereal^ethereal^immaterial^imperial^managerial^material^serial^venereal,antibacterial^biomaterial
assicurazioni^aviazione^biagioni^campione^castiglione^edizione^etzioni^gaglione(0)^gaglione(1)^leoni(1)^maglione^mantione^manzione^marchione^menzione(0)^partecipazioni^religione^ricostruzione^scaglione^scipione^simione^stanzione^tartaglione^vecchione^viglione,aviazione^ricostruzione
accumulated^annihilated^assimilated^calculated(1)^capitulated^circulated(1)^congratulated^deregulated^emulated^encapsulated^escalated^extrapolated^formulated(1)^inoculated^insulated(1)^interpolated^isolated(1)^manipulated^miscalculated^mutilated(1)^nonregulated^overpopulated^overregulated^recalculated^reformulated^regulated(1)^simulated^speculated(1)^stimulated(1)^stipulated^tabulated^tesselated^titillated^unregulated^vacillated^ventilated^ventilated^violated,overpopulated^overregulated
counterinsurgencies(0)^counterinsurgencies(1)^emergencies(0)^insurgencies,counterinsurgencies(0)^counterinsurgencies(1)
barbarity(1)^celerity^clarity(0)^dexterity(0)^disparity^familiarity^geraghty^hilarity^irregularity^parity^peculiarity^polarity^popularity^posterity^prosperity^rarity(0)^regularity^similarity^sincerity^solidarity^temerity^unfamiliarity,irregularity^peculiarity^unfamiliarity
desalination^destination(1)^nondiscrimination^recrimination^rumination,nondiscrimination
drastically^enthusiastically^fantastically^sarcastically,enthusiastically
annotations^connotations^hesitations^rehabilitations(0)^rehabilitations(1)^reputations,rehabilitations(0)^rehabilitations(1)
audacity^capacity(0)^incapacity^opacity^overcapacity^voracity^voracity,overcapacity
bilingualism^cannibalism^capitalism^centralism^colonialism^commercialism^culturalism^dualism^emotionalism(0)^emotionalism(1)^entrepreneurialism^environmentalism(0)^environmentalism(1)^evangelism(0)^evangelism(1)^factionalism^fatalism^federalism(0)^federalism(1)^feudalism^formalism^fundamentalism(0)^fundamentalism(1)^gradualism^imperialism^individualism^intellectualism(0)^intellectualism(1)^internationalism(0)^internationalism(1)^journalism^legalism^liberalism(0)^liberalism(1)^materialism^mercantilism^metabolism^minimalism^modalism^moralism^multiculturalism^multilateralism(0)^mutualism^nationalism^naturalism(0)^naturalism(1)^neutralism^nihilism^parochialism^pastoralism^paternalism^pluralism^populism^professionalism^provincialism^pugilism^racialism^radicalism^sensationalism^socialism^supernaturalism^surrealism(1)^symbolism^territorialism^tribalism(1)^unilateralism^vandalism,colonialism^emotionalism(0)^emotionalism(1)^fundamentalism(0)^fundamentalism(1)^imperialism^materialism^parochialism^professionalism^sensationalism
annapolis^indianapolis^minneapolis,indianapolis
autonomic^economic(0)^economic(1)^ergonomic^macroeconomic(0)^macroeconomic(1)^microeconomic^noneconomic^socioeconomic^uneconomic,macroeconomic(0)^macroeconomic(1)^microeconomic
atherosclerosis^osteoporosis,atherosclerosis^osteoporosis
anthropologist(1)^archaeologist^cardiologist^climatologist(0)^climatologist(1)^criminologist^dermatologist^ecologist(0)^ecologist(1)^epidemiologist^ethnomusicologist^gerontologist^immunologist^kremlinologist^meteorologist^microbiologist^mineralogist(1)^oncologist^ophthalmologist(0)^ophthalmologist(1)^opthalmologist^paleontologist^pharmacologist^physiologist^radiologist^serologist^sociologist^sovietologist^technologist^toxicologist^virologist,meteorologist^microbiologist^paleontologist^sovietologist
agriculturalist^naturalist(0),agriculturalist
abdication^detoxification^electrification^fabrication^gentrification^glorification(0)^glorification(1)^indemnification^lubrication^misidentification(0)^misidentification(1)^mummification^publication^simplification^specification^syndication^telecommunication,detoxification^electrification^indemnification
electronic^isoelectronic(0)^isoelectronic(1)^microelectronic,isoelectronic(0)^isoelectronic(1)^microelectronic
circularly^extracellularly^irregularly^particularly(0)^particularly(1)^popularly^regularly^similarly^singularly^spectacularly,extracellularly
collaborationist^preservationist^reservationist^segregationist,collaborationist
alien^bachailian^balian^dalian^episcopalian(0)^mammalian(0)^raphalian^topalian,episcopalian(0)
biochemical(1)^chemical(1)^demichele^electrochemical^petrochemical^photochemical(1),electrochemical
internationale(0)^internationale(1)^meridionale,internationale(0)^internationale(1)^meridionale
colonialists(1)^editorialists(1)^imperialists(1)^industrialists(1),editorialists(1)
auxiliary(1)^aviary^beneficiary^evidentiary(0)^evidentiary(1)^fiduciary^incendiary^intermediary(0)^intermediary(1)^judiciary^pecuniary^subsidiary^tertiary(1)^topiary,beneficiary^evidentiary(0)^evidentiary(1)^intermediary(0)^intermediary(1)
abdicated^advocated(0)^authenticated^complicated^dedicated^deprecated^desiccated^domesticated^educated(0)^excommunicated^indicated(0)^intoxicated(0)^prevaricated,excommunicated
criminalist^internationalist(0)^internationalist(1)^nationalist(1)^sensationalist^traditionalist,internationalist(0)^internationalist(1)
biodegradable^degradable^persuadable^tradable^tradeable,biodegradable
coarticulated^discombobulated,coarticulated^discombobulated
habyarimana(0)^habyarimana(1),habyarimana(0)^habyarimana(1)
accountability(0)^accountability(1),accountability(0)^accountability(1)
devaluations^evaluations(0)^evaluations(1)^fluctuations^graduations(0)^insinuations^revaluations^situation's^situations^valuations,revaluations
acidification^adjudication^advocation^affrication^allocation^amplification^application^assocation^authentication^avocation^certification^cladification^clarification^classification^codification^collocation^communication^complication^convocation^decertification^dedication^deification^desiccation^detoxication^disqualification^diversification(0)^diversification(1)^domestication^duplication^edification^education(0)^equivocation^eradication^excommunication^explication^extrication^falsification^fortification^gasification^gratification^identification(0)^identification(1)^implication^indication^intensification^intoxication^invocation^justification^magnification^medication^misallocation^misapplication^miscommunication^modification^multiplication^notification^nullification^ossification^pacification^personification^pontification^prefabrication^prevarication^prognostication^provocation^purification^qualification^quantification^ramification^ratification^reallocation^recertification^reclassification^rectification^rededication^replication^reunification^revocation^russification(0)^russification(1)^sanctification^saponification^sophistication^suffocation^unification^verification^vilification^vindication,acidification^decertification^disqualification^diversification(0)^diversification(1)^excommunication^identification(0)^identification(1)^intensification^miscommunication^personification^recertification^reclassification^reunification^saponification
analyticity^complicity(0)^domesticity^eccentricity^elasticity^electricity^felicite(1)^felicity^publicity(0)^simplicity(0)^specificity^toxicity,analyticity
aberration^acceleration^admiration^adoration^adulteration^agglomeration^alteration^amelioration^aspiration^cogeneration^collaboration^coloration^commemoration^confederation^configuration^conglomeration^consideration^cooperation(0)^cooperation(1)^cooperation(2)^corp^corp.^corp^corp.^corporation^corroboration^deceleration^declaration^decoration^degeneration^deliberation^desperation(0)^discoloration^elaboration^enumeration^evaporation(0)^evaporation(1)^exaggeration^exasperation^exhilaration^exoneration^expiration^exploration(0)^federation^figuration^generation^horatian^inauguration^incarceration^incorporation^inspiration^intercorporation^laceration^liberation^maturation(0)^miseration^moderation^nonproliferation^obliteration^operation^perforation^perspiration^preparation^proliferation^reconfiguration^reconsideration^recuperation^redecoration^refrigeration^regeneration^reincorporation^reinvigoration^reiteration^remuneration^reparation^respiration^restoration^reverberation^saturation^separation^toleration^ulceration^veneration,intercorporation^nonproliferation^reconfiguration^reconsideration^reincorporation^reinvigoration
contemporaneous^extraneous^miscellaneous^percutaneous^simultaneous^spontaneous,contemporaneous
astoria^auria^coria^correa^crematoria^dauria^deloria^dorea^doria^emporia^euphoria^florea^floria^gloria^goria^gregoria^lauria^longoria^loria^moratoria^morea^moria^peoria^phantasmagoria^port-victoria^pretoria^soria^victoria^viloria^vittoria,phantasmagoria
aviaries^beneficiaries^beneficiary's^fiduciares(1)^fiduciaries^intermediaries(0)^intermediaries(1)^subsidiaries^subsidiaries'^subsidiary's,beneficiaries^beneficiary's^intermediaries(0)^intermediaries(1)
artistically^characteristically^euphemistically^journalistically(1)^linguistically^logistically^optimistically(1)^realistically^ritualistically(1)^statistically(1)^stylistically^uncharacteristically^unrealistically,characteristically^ritualistically(1)^unrealistically
electrophoresis(1)^photophoresis,electrophoresis(1)
anachronisms^antagonisms^communism's^mechanisms^microorganisms^organism's^organisms^puritanisms,microorganisms
adventurism(0)^adventurism(1)^amateurism^aphorism^barbarism^boosterism^consumerism^counterterrorism(0)^counterterrorism(1)^futurism^mannerism^mesmerism^militarism^monetarism^plagiarism^secularism^terrorism^thatcherism^voluntarism,counterterrorism(0)^counterterrorism(1)
editorialized^industrialized^materialized^memorialized^serialized^trivialized(0),editorialized
dibartolomeo^romeo^tomeo,dibartolomeo
chemotherapy^hydrotherapy^immunotherapy^psychotherapy^therapy,immunotherapy
accumulation^adulation^annihilation^appalachian(1)^appellation^articulation^assimilation^calculation^cancellation^capitulation^coagulation^compilation^confabulation^congratulation^consolation^constellation^correlation^demodulation^deregulation^desolation^distillation^emulation^escalation^exhalation^extrapolation^formulation(0)^gastrulation^granulation^inhalation(0)^inhalation(1)^innoculation^inoculation^installation^insulation^isolation^jubilation^manipulation^miscalculation^modulation^mutilation^oscillation^overpopulation^overregulation^ovulation^population^recalculation^regulation^reregulation^revelation^self-congratulation^simulation^speculation^stimulation^stipulation^strangulation^tabulation^tribulation^vacillation^ventilation^ventilation^violation,overpopulation^overregulation^self-congratulation
antemeridian^ceridian^davidian^didion^floridian^gideon^meridian^meridien^obsidian^providian,antemeridian
misrepresentations^orientations,misrepresentations
environmentalist(0)^experimentalist(0)^fundamentalist(0)^instrumentalist(0),environmentalist(0)^experimentalist(0)
anthropologists(2)^archaeologists(1)^cardiologists(1)^criminologists(1)^dermatologists(1)^epidemiologists(1)^geologists(1)^ideologists(1)^kremlinologists(1)^meteorologists(1)^oncologists(1)^paleontologists(1)^pharmacologists(1)^radiologists(1)^sociologists(1)^sovietologists(1)^technologists(1)^toxicologists(1),meteorologists(1)^paleontologists(1)^sovietologists(1)
anesthesiologist^anthropologist(0)^apologist^biologist^endocrinologist^entomologist^geologist^gynecologist^ideologist^musicologist^neurologist^pathologist^psychologist^rheumatologist^scientologist^seismologist^urologist^zoologist,endocrinologist
advisory(0)^advisory(1)^non-supervisory^supervisory,non-supervisory
confectionaries^dictionaries^functionaries^legionaries^luminaries^mercenaries^missionaries^ordinaries^preliminaries(0)^preliminaries(1)^reactionaries^retrocessionaries^revolutionaries^seminaries^visionaries,retrocessionaries^revolutionaries
archaeological^archeological^astrological^biological^biotechnological^chronological^dermatological^ecological(0)^ecological(1)^epidemiological^eschatological^geological^gynecological^ideological^illogical^immunological^logical^meteorological^methodological^morphological^mythological^neurological^ontological^pathological^pedagogical^pharmacological^phonological^physiological^psychological^radiological^sociological^technological^theological^topological^toxicological^virological^zoological,archaeological^archeological^dermatological^eschatological^gynecological^ideological^immunological^methodological^pharmacological^physiological^radiological^sociological^toxicological
additionally(0)^conditionally(0)^congressionally(0)^constitutionally^conventionally^criminally^diagonally^educationally(0)^educationally(2)^exceptionally(0)^fractionally(0)^functionally(0)^generationally^institutionally(0)^intentionally^internationally(0)^internationally(2)^irrationally(0)^marginally^medicinally^nationally(0)^nominally^nutritionally(0)^occasionally(0)^operationally(0)^originally(0)^personally(0)^phenomenally^professionally(0)^proportionally(0)^provisionally(0)^rationally(0)^regionally^rotationally^seasonally(0)^terminally^traditionally(0)^unconditionally(0)^unconstitutionally(0),constitutionally^educationally(0)^educationally(2)^generationally^institutionally(0)^internationally(0)^internationally(2)^operationally(0)^unconditionally(0)
cemeteries^dignitaries^militaries^paramilitaries^proprietaries^secretaries^secretary's^tributaries,paramilitaries
continuation^devaluation(0)^devaluation(1)^discontinuation^evaluation(0)^evaluation(1)^fluctuation^graduation(0)^infatuation^insinuation^menstruation^overvaluation^punctuation^reevaluation^revaluation^self-perpetuation^situation^undervaluation^valuation,discontinuation^overvaluation^reevaluation^self-perpetuation^undervaluation
activism^collectivism^conservativism^nativism^negativism^positivism^recidivism^relativism,conservativism
encyclopedias(0)^encyclopedias(1)^media's^multimedia's(0)^multimedia's(1),encyclopedias(0)^encyclopedias(1)
agoraphobia^cancerphobia^claustrophobia^cobia^homophobia^phobia^robia^tobia^xenophobia^zenobia,agoraphobia
anthropologists(3)^archaeologists(2)^cardiologists(2)^climatologists(2)^climatologists(3)^corologis^criminologists(2)^dermatologists(2)^ecologists(2)^ecologists(3)^epidemiologists(2)^geologists(2)^ideologists(2)^kremlinologists(2)^meteorologists(2)^microbiologists(1)^oncologists(2)^ophthalmologists(1)^ophthalmologists(3)^paleontologists(2)^pharmacologists(2)^radiologists(2)^sociologists(2)^sovietologists(2)^technologists(2)^toxicologists(2)^virologists^virologists^virologists,meteorologists(2)^microbiologists(1)^paleontologists(2)^sovietologists(2)
aristotelian^chameleon(1)^hegelian^karelian^stelian,aristotelian
amplifier^dehumidifier^emulsifier^fortifier^humidifier^identifier(0)^identifier(1)^magnifier^pacifier^purifier^qualifier^rectifier,dehumidifier
continental(0)^intercontinental^pancontinental,intercontinental
attributable^charitable(0)^charitable(1)^creditable^disreputable^equitable(0)^forfeitable^habitable^heritable^imitable^indomitable^inequitable^inevitable^inheritable^inhospitable(0)^inimitable^irritable^marketable^palatable^profitable^reputable^uninhabitable^unpalatable,uninhabitable
azidothymidine(0)^azidothymidine(2),azidothymidine(0)^azidothymidine(2)
facilitator's^facilitators^prestidigitators^rehabilitators,prestidigitators^rehabilitators
incomprehensible^indispensible,incomprehensible
agriculturally(0)^architecturally(0)^behaviorally^bilaterally^contradictorily^culturally^federally(0)^generally(0)^liberally(0)^literally(0)^multilaterally(0)^multilaterally(1)^naturally(0)^peripherally(0)^procedurally(0)^structurally^temporally^viscerally,agriculturally(0)^architecturally(0)^contradictorily^multilaterally(0)^multilaterally(1)
anesthesiology^anthology^anthropology^apology^archaeology^archeology^astrogeology^astrology^bacteriology^biology^biotechnology^cardiology^chocolatology^chronology^cosmetology^criminology^cytology^dendrochronology^deontology^dermatology^doxology^ecology(0)^ecology(1)^egyptology^electrobiology^embryology^endocrinology^enterology^entomology^epidemiology^epistemology^ethnology^ethology^etiology(0)^etiology(1)^etymology(0)^etymology(1)^genealogy^geology^geomorphology^gerontology^graphology^gynecology^hematology(0)^hematology(1)^histology^hymnology^ideology^immunology^infotechnology^intertechnology^kinesiology^limnology^meteorology^methodology^microbiology(0)^microbiology(1)^micropaleontology^mineralogy^morphology^mycology^mythology^neurology^numerology^oncology^ontology^ophthalmology(0)^ophthalmology(1)^ornithology^otology^paleontology^pathology^penology^petrology^pharmacology^phonology^physiology^polytechnology^pomology^psychology^radiology^rheumatology^scientology^seismology^serology^sociology^technology^terminology^theology^toxicology^transtechnology^urology^virology^zoology,astrogeology^bacteriology^biotechnology^dendrochronology^endocrinology^epistemology^geomorphology^infotechnology^intertechnology^kinesiology^meteorology^microbiology(0)^microbiology(1)^paleontology^polytechnology
evaluating(0)^evaluating(1)^extenuating^graduating(1)^infatuating^insinuating^reevaluating^self-perpetuating,reevaluating^self-perpetuating
albania^compania^dromomania(0)^germania^lithuania^lusitania^mania^mauritania(0)^megalomania^pomerania^romania^rumania^ruritania^sylvania^tanzania(0)^tasmania^transylvania(0)^zenia,megalomania
availabilities^disabilities(1)^disability(1)^facilities(1)^facility's^instabilities^liabilities(1)^sensibilities^vulnerabilities,availabilities^vulnerabilities
dority^inferiority^seniority^superiority,inferiority^superiority
banality^bestiality^brutality(1)^centrality^collegiality^conditionality^constitutionality^criminality^cyclicality^eventuality(0)^eventuality(1)^fatality(1)^functionality^heterosexuality^illegality^immorality^immortality^impartiality^individuality^informality^instrumentality^materiality^mentality(1)^mutuality^nationality(1)^originality^personality^plurality^principality^proportionality^punctuality^rationality^seasonality(1)^sentimentality(0)^sentimentality(1)^speciality^technicality^venality,collegiality^conditionality^eventuality(0)^eventuality(1)^impartiality^instrumentality^materiality^originality^proportionality^sentimentality(0)^sentimentality(1)
confrontation^disorientation^experimentation^fermentation^fragmentation^pigmentation^presentation^recantation(0)^sedimentation^segmentation,disorientation^experimentation
animosity^atrocity^curiosity^ferocity^generosity^monstrosity^religiosity^velocity^viscosity,religiosity
aerien^agrarian^authoritarian^bagdasarian^barbarian^bavarian^berrian^berrien^bilzerian^bulgarian^carrian^carrion^centenarian^clarion^contrarian^darien^disciplinarian^egalitarian^eskandarian^humanitarian(0)^humanitarian(1)^hungarian^kasparian^kazarian^kerien^lauretarian^libertarian^librarian^magarian^majoritarian^marian^marion^markarian^merion^najarian^nazarian^nonsectarian^octogenarian^ovarian^parliamentarian^planarian^proletarian^sectarian^seminarian^septuagenarian^skenderian^terrien^totalitarian^unitarian^utilitarian^varian^vegetarian^veterinarian^veterinarian^wagnerian^wagnerian^zakarian,authoritarian^disciplinarian^egalitarian^humanitarian(0)^humanitarian(1)^majoritarian^octogenarian^parliamentarian^totalitarian^utilitarian^veterinarian^veterinarian
afroamerican^american(0)^interamerican,afroamerican^interamerican
amputated^debilitated^decapitated^facilitated^gravitated^imitated^premeditated^rehabilitated(0)^rehabilitated(1),rehabilitated(0)^rehabilitated(1)
cardiovascular^gastrovascular^vascular,cardiovascular
analytically^critically(1)^geopolitically^politically(1)^uncritically(1),geopolitically
bancario^cerio^dario^desiderio^diario^dimperio^finanziario^naclerio^nerio^ontario^polisario^revolucionario^ruggerio^scenario^seminario^silverio^stereo^terrio,finanziario
abbreviated(1)^affiliated(1)^alleviated(1)^appreciated^appropriated^asphyxiated^delineated^depreciated^deviated^differentiated(0)^emaciated^enunciated^excoriated^expropriated^humiliated^infuriated(1)^initiated(1)^irradiated^mediated^misappropriated^negotiated(1)^permeated^radiated(1)^recreated(0)^renegotiated^repatriated^retaliated(0)^retaliated(1)^substantiated(0)^substantiated(1)^unaffiliated^unappreciated^undifferentiated^uninitiated^uninitiated^unsubstantiated,differentiated(0)^misappropriated^renegotiated^unaffiliated^unappreciated^uninitiated^uninitiated^unsubstantiated
hesitated^incapacitated^levitated^precipitated^resuscitated,incapacitated
conservatories^dormitories^interrogatories^laboratories^laboratories'^laboratory's^lavatories^observatories^observatory's^reformatories^repositories^signatories^territories,interrogatories
counterintelligence(0)^counterintelligence(1),counterintelligence(0)^counterintelligence(1)
accessibility^advisability^availability(1)^believability^collectibility^comparability^convertibility^credibility^culpability^deniability^dependability^desirability^disability(0)^durability^eligibility^enforceability^facility^fallibility^favorability^fertility(1)^flammability^gentility^gullibility^humility^immobility^impossibility^inability^incivility^incompatibility^indestructibility^inevitability^infallibility^infertility^inflexibility^instability^invincibility^invulnerability^liability^maneuverability(0)^maneuverability(1)^marketability^miscibility^mobility(1)^motility^nonutility^permeability^plausibility^portability^predictability^profitability^readability^realty(1)^respectability^sensibility^stability^sterility^suitability^survivability^sustainability^taxability^tranquility^transferability^unavailability^unbreakability^unpredictability^unprofitability^unreliability^variability^visibility^vulnerability,accessibility^advisability^availability(1)^believability^collectibility^comparability^convertibility^deniability^dependability^desirability^eligibility^enforceability^favorability^impossibility^infallibility^inflexibility^invincibility^maneuverability(1)^marketability^permeability^predictability^profitability^respectability^survivability^sustainability^transferability^unbreakability^variability^vulnerability
preliminarily^summarily,preliminarily
environmentalists'^environmentalists'^fundamentalists(1)^instrumentalists(1),environmentalists'^environmentalists'
contemporaneously^curiously^enviously^erroneously^extraneously^furiously^gloriously^harmoniously^hideously^hilariously^indubiously^instantaneously^laboriously^mysteriously(0)^notoriously^obviously^precariously^previously^seriously^simultaneously^spontaneously^studiously^tediously^unceremoniously^variously^vicariously,instantaneously^simultaneously
antiballistic^ballistic^capitalistic^dualistic^fatalistic^feudalistic^idealistic^imperialistic^individualistic^jelisic^journalistic^legalistic^materialistic^monopolistic^moralistic^nationalistic(0)^nationalistic(1)^naturalistic(0)^naturalistic(1)^novelistic^paternalistic^pluralistic^pugilistic^realistic^ritualistic^sensationalistic^socialistic^surrealistic(1),imperialistic^materialistic^sensationalistic
institutionalists(0)^ultranationalist's^ultranationalists,institutionalists(0)^ultranationalist's^ultranationalists
apalachicola^pensacola,apalachicola
alphaphotographic^calligraphic^choreographic^demographic^epigraphic^ethnographic^geographic^holographic^hydrographic^lithographic^logographic^oceanographic^orographic^photographic^pornographic^stenographic^stereographic^stratigraphic^summagraphic^topographic,alphaphotographic
waga^waga^waga,waga^waga^waga
biologically^chronologically^ecologically(0)^ecologically(1)^epidemiologically^ideologically^logically^mineralogically(1)^pathologically^physiologically^psychologically^technologically(1)^theologically,ideologically^mineralogically(1)^physiologically
conceptualization^homogenization,conceptualization^homogenization
counterespionage(0)^counterespionage(1)^espionage,counterespionage(0)^counterespionage(1)
biomaterials^cereals^imperial's^materials^materials'^serials,biomaterials
capitalizations^characterizations^civilizations^denationalizations^improvisations^liberalizations(0)^liberalizations(1)^organisations^organization's^rationalizations(0)^rationalizations(1)^reorganizations^sterilizations(1),capitalizations^characterizations^liberalizations(0)^rationalizations(0)^reorganizations
fortifying^gentrifying^oversimplifying^quantifying(0)^quantifying(1)^reclassifying,oversimplifying
activity(0)^captivity^conductivity^creativity^exclusivity^festivity^insensitivity^nativity^negativity^proclivity^productivity(0)^progressivity^radioactivity(0)^radioactivity(1)^reactivity^relativity^selectivity^superconductivity,insensitivity
autobiographer^biographer^choreographer^cinematographer^crystallographer^demographer^geographer^lexicographer^oceanographer^photographer^pornographer,autobiographer^cinematographer
disequilibrium^equilibrium,disequilibrium
cetacean(0)^cogitation^decapitation^gravitation^incapacitation^interpretation^invitation^irritation^levitation^limitation^precipitation^resuscitation^sanitation(1)^solicitation^visitation^visitation,incapacitation
illegitimacy^intimacy^legitimacy(0)^legitimacy(1),illegitimacy
accelerating^collaborating^commemorating^cooperating^corroborating^decelerating^decorating^degenerating^deliberating^deteriorating^elaborating^evaporating(0)^evaporating(1)^exaggerating^exasperating^exhilarating^exonerating^generating^inaugurating^incarcerating^incinerating^incorporating^invigorating^liberating^moderating^nonoperating^obliterating^operating(0)^operating(1)^perforating^proliferating^recuperating(0)^recuperating(1)^redecorating^regenerating^reincorporating^reinvigorating^reiterating^reverberating(0)^reverberating(1)^saturating^separating^tolerating^venerating^vociferating,deteriorating^reincorporating^reinvigorating
deity^heterogeneity(0)^homogeneity^spontaneity,homogeneity
low-spiritedness^poor-spiritedness^public-spiritedness^spiritedness,public-spiritedness
allocations^amplifications^applications^authentications^certifications^classifications^communications^communications'^complications^diversifications(0)^diversifications(1)^fortifications^identifications(0)^identifications(1)^implications^indications^magnifications^medications^modifications^notifications^pontifications^prognostications^provocations^qualifications^ramifications^revocations^specifications^telecommunications^telecommunications',diversifications(0)^diversifications(1)^identifications(0)^identifications(1)
diamagnetism^elitism(0)^favoritism^semitism,diamagnetism
diego-garcia^garcia,diego-garcia
ishikawajima^kitajima,ishikawajima
oviparous^ovoviviparous^viviparous,ovoviviparous
aeriens^barbarians^bilzerian's^bulgarians^centenarians^contrarians^disciplinarians^humanitarians(0)^humanitarians(1)^hungarians^kazarian's^libertarians^librarians^marian's^marion's^parliamentarians^seminarians^totalitarians^vegetarians^veterinarians^veterinarians,disciplinarians^humanitarians(0)^humanitarians(1)^parliamentarians^totalitarians^veterinarians^veterinarians
adriatic^asiatic^austroasiatic^hanseatic^pancreatic,austroasiatic
apologists(1)^biologists(1)^endocrinologists(1)^entomologists(1)^gynecologists(1)^neurologists(1)^pathologists(1)^psychologists(1)^seismologists(1),endocrinologists(1)
criminalize^deinstitutionalize^denationalize^depersonalize(0)^fictionalize^institutionalize^internationalize(0)^internationalize(1)^marginalize^nationalize(0)^personalize^professionalize^rationalize^regionalize^renationalize,institutionalize^internationalize(0)^internationalize(1)
cylindrical(0)^cylindrical(1)^semicylindrical(0)^semicylindrical(1)^semicylindrical(2),semicylindrical(0)^semicylindrical(1)^semicylindrical(2)
authoritative^imitative^meditative^qualitative^rehabilitative(0)^rehabilitative(1),rehabilitative(0)^rehabilitative(1)
abbreviation^affiliation^alleviation^appreciation^appropriation^association(0)^association(1)^aviacion^aviation^conciliation^creation^d'aviation^delineation^denunciation^depreciation^deviation^differentiation(0)^differentiation(1)^dissociation^exfoliation^expatriation^expropriation^foliation^glaciation^humiliation^initiation^instantiation^irradiation^mediation^misappropriation^miscreation^negotiation^nucleation^procreation^pronunciation(0)^pronunciation(1)^radiation^reaffiliation^reconciliation^recreation^remediation^renegotiation^renunciation^repatriation^repudiation^retaliation^substantiation(0)^substantiation(1)^variation,differentiation(0)^differentiation(1)^misappropriation^reaffiliation^reconciliation^renegotiation
environmentalist(1)^experimentalist(1)^fundamentalist(1)^instrumentalist(1),environmentalist(1)^experimentalist(1)
accelerometers^kilometers(0)^magnetometers^micrometers^odometers^thermometers,accelerometers
interrelationship^relationship,interrelationship
classifiable^identifiable(0)^identifiable(1)^justifiable^verifiable,identifiable(0)^identifiable(1)
absolution^aleutian^andalusian^counterrevolution(0)^counterrevolution(1)^devolution^dissolution^evolution(0)^evolution(1)^pollution^resolution^revolution^solution,counterrevolution(0)^counterrevolution(1)
anthropogenic^hallucinogenic^orogenic^pathogenic^photogenic^telegenic,hallucinogenic
accidentally(1)^coincidentally(1)^continentally(1)^developmentally(0)^environmentally(1)^experimentally(1)^fennelly^fundamentally(1)^hennelly^incrementally(1)^kenneally^kennelly^mentally(1)^monumentally(2)^monumentally(3)^temperamentally(2)^temperamentally(3),coincidentally(1)^developmentally(0)^environmentally(1)^experimentally(1)
aesthetically^alphabetically^apologetically^athletically^cosmetically^energetically^esthetically^genetically^hermetically(1)^hypothetically^magnetically(1)^parenthetically(1)^pathetically(1)^phonetically^poetically^sympathetically(1)^synthetically^theoretically(1),apologetically
adonia^amazonia^ansonia^antonia^caledonia^colonia^cydonia^diaphonia^donia^estonia^gastonia^gonia^harmonia^idonia^latonia^macedonia(0)^macedonia(1)^madonia^new-caledonia^omonia(0)^patagonia^petronia^philharmonia^rondonia^sidonia^sinfonia^slavonia(0)^slovonia(0)^sophronia^tonia^vernonia^vidonia,new-caledonia
agitator^facilitator^imitator^prestidigitator^rehabilitator,prestidigitator^rehabilitator
abbreviations^affiliations^appropriations^associations^association's^associations^aviation's^creations^denunciations^depreciations^deviations^expropriations^humiliations^miscreations^negotiations(0)^negotiations(1)^pronunciations(0)^pronunciations(1)^radiation's^reconciliations^renegotiations^variations,reconciliations^renegotiations
conservative^neoconservative^preservative^ultraconservative,neoconservative^ultraconservative
accidentally(0)^coincidentally(0)^continentally(0)^developmentally(1)^environmentally(0)^experimentally(0)^fundamentally(0)^incidentally(0)^incrementally(0)^mentally(0)^monumentally(0)^monumentally(1)^ornamentally^temperamentally(0)^temperamentally(1),coincidentally(0)^developmentally(1)^environmentally(0)^experimentally(0)
diamagnetic^electromagnetic^ferromagnetic^geomagnetic^intermagnetic^magnetic^paramagnetic,electromagnetic
alliterative(0)^co-operative(0)^corroborative(0)^degenerative^federative(0)^figurative^generative^inoperative^operative^recuperative^remunerative^uncooperative^vituperative^vituperative,uncooperative
counterinsurgency(0)^counterinsurgency(1)^emergency(0)^insurgency^nonemergency^resurgency(0)^resurgency(1)^urgency,counterinsurgency(0)^counterinsurgency(1)
america(1)^amerika^asiamerica^bankamerica^coastamerica^comerica^d'america^erica^ericka^erika^frerika^gardenamerica^healthamerica^marketamerica^merica^midamerica^numerica^primerica^realamerica^secomerica^superamerica^transamerica^westamerica,asiamerica^gardenamerica^marketamerica^superamerica
pseudoscientific^scientific^unscientific,pseudoscientific
affectionately^compassionately^definitely^dispassionately^disproportionately^fortunately(0)^indefinitely^indiscriminately^infinitely^inordinately^passionately^proportionately^unfortunately(0),disproportionately^indiscriminately
analytical^apolitical^critical^geopolitical^hypercritical^hypocritical^nonpolitical^political(1)^uncritical,geopolitical
authorizing^categorizing^cauterizing^characterizing^circularizing^colorizing^computerizing^demilitarizing^depressurizing^glamorizing^memorizing^mesmerizing^mischaracterizing^pasteurizing^polarizing^popularizing^pressurizing^reauthorizing^satirizing^summarizing^temporizing^terrorizing^theorizing,demilitarizing^mischaracterizing
abbreviated(0)^affiliated(0)^alleviated(0)^associated(0)^associated(1)^differentiated(1)^disassociated(0)^disassociated(1)^glaciated(0)^glaciated(1)^inebriated^infuriated(0)^initiated(0)^instantiated^insubstantiated(0)^insubstantiated(1)^nauseated^negotiated(0)^obviated^officiated^radiated(0)^repudiated,differentiated(1)^disassociated(0)^disassociated(1)^insubstantiated(0)^insubstantiated(1)
atypical^prototypical^stereotypical(0)^stereotypical(1)^typical(1)^untypical,stereotypical(0)^stereotypical(1)
annually^conceptually^continually(0)^contractually^factually^gradually(0)^habitually(0)^individually(0)^intellectually(0)^intellectually(2)^manually^mutually^perpetually^semiannually(0)^semiannually(1)^sexually,individually(0)^intellectually(0)^intellectually(2)^semiannually(0)^semiannually(1)
accumulating^annihilating^articulating^assimilating^calculating^circulating^coagulating^congratulating^correlating^deregulating^emulating^encapsulating^escalating^extrapolating^formulating^immolating^innoculating^insulating^isolating^manipulating^matriculating^mutilating^oscillating^overpopulating^percolating^populating^recalculating^regulating^simulating^speculating^stimulating^stipulating^tabulating^titillating^undulating^vacillating^ventilating^ventilating^violating,overpopulating
anticompetitive^competitive(1)^repetitive,anticompetitive
curricular^extracurricular^particular(0)^particular(1)^perpendicular^testicular^vehicular,extracurricular
biotherapeutic^psychotherapeutic^therapeutic,biotherapeutic^psychotherapeutic
aerodynamics^dynamics^dynamics'(1)^electrodynamics^hemodynamics,electrodynamics
)close-parentheses^)end-parentheses^(in-parentheses^(open-parentheses^(parentheses^parentheses,(open-parentheses
delorean^dorian^ecuadorean^ecuadorian^florian^gregorian^historian^hyperborean^ivorian^kerkorian^krikorian^lorean^nestorian^praetorian^pythagorean^salutatorian^singaporean^torian^torreon^valedictorian^victorian,salutatorian^valedictorian
legendary^londonderry^secondary^semilegendary(0)^semilegendary(1),semilegendary(0)^semilegendary(1)
cornacchia^czechoslovakia^lamacchia^slovakia,czechoslovakia
alienated(1)^carbonated(1)^contaminated(1)^coordinated^culminated(1)^decaffeinated^decontaminated^denominated^discriminated(1)^eliminated(1)^emanated^exterminated^fascinated(1)^germinated^hallucinated^halogenated^hydrogenated(0)^hydrogenated(1)^hyphenated^impersonated^indoctrinated^marinated^opinionated^originated(1)^predominated^rejuvenated^renominated^resonated^subordinated^terminated(1)^uncoordinated^vaccinated,decontaminated^uncoordinated
encephalopathy^neuropathy(1),encephalopathy
alliteration^bancorporation^deterioration^incineration,deterioration
misrepresented(0)^represented(1)^underrepresented^unrepresented,underrepresented
electronics^electronics'^microelectronics^tektronix,microelectronics
analyzing^brutalizing^cannibalizing^capitalizing^centralizing^commercializing^criminalizing^crystallizing^decentralizing^demobilizing^demoralizing^denationalizing^departmentalizing^destabilizing^editorializing^equalizing^federalizing(0)^federalizing(1)^fertilizing^finalizing^formalizing^generalizing(0)^generalizing(1)^hydrolyzing^idolizing^immobilizing^immortalizing^industrializing^institutionalizing^legalizing^liberalizing(0)^liberalizing(1)^marginalizing^materializing^mobilizing^monopolizing^moralizing^nationalizing(0)^nationalizing(1)^naturalizing(0)^naturalizing(1)^neutralizing^normalizing^paralyzing^penalizing^personalizing^pluralizing^rationalizing^realizing(1)^reanalysing^recapitalizing^revitalizing^self-fertilizing^socializing^specializing^stabilizing^sterilizing^symbolizing^tantalizing(0)^tantalizing(1)^tranquilizing^trivializing(0)^trivializing(1)^utilizing^vandalizing^verbalizing^visualizing,denationalizing^departmentalizing^industrializing^materializing^recapitalizing
agonizing^antagonizing^dehumanizing^demonizing^galvanizing^harmonizing^hellenizing^humanizing^immunizing^ionizing^organizing^patronizing^reorganizing^revolutionizing^scrutinizing^synchronizing^unionizing^womanizing,revolutionizing
biodiversity^diversity(0)^diversity(2)^perversity^university,biodiversity
anthropological^deontological^etymological,anthropological^deontological^etymological
ornithological^serological^teleological,ornithological^teleological
egomaniac^kleptomaniac^maniac^megalomaniac^nymphomaniac(0)^nymphomaniac(1),megalomaniac
colonialists(0)^editorialists(0)^imperialists(0)^industrialists(0),editorialists(0)
administratively^authoritatively^creatively^qualitatively,administratively^authoritatively
accelerometer^anemometer^densitometer^dynamometer^fluorometer(0)^fluorometer(1)^goniometer^hydrometer^hygrometer^interferometer^kilometer(0)^magnetometer^micrometer^odometer^spectrometer^speedometer^thermometer,accelerometer^interferometer
unalienable(0)^unalienable(1),unalienable(0)
chriptosporidium^cryptosporidium^idiom^iridium^nephridium^presidium,chriptosporidium^cryptosporidium
authorizes^categorizes^cauterizes^demilitarizes^depressurizes^memorizes^mischaracterizes^pasteurizes^polarizes^pressurizes^satirizes^summarizes^terrorizes^theorizes,demilitarizes^mischaracterizes
cardenas's^catacosinos's^salinas's^selinas's,catacosinos's
azidothymidine(1)^azidothymidine(3),azidothymidine(1)^azidothymidine(3)
polyhemoglobin(0)^polyhemoglobin(1),polyhemoglobin(0)^polyhemoglobin(1)
barbarity(0)^dissimilarity^mcgarity^mcgarrity^particularity,dissimilarity^particularity
